insert into Employee
values
("E0001", "Chaorui", "Chang", 25, 30000),
("E0002", "Chao Ran", "Chang", 27, 40000),
("E0003", "Nicola", "Bruno", 23, 50000),
("E0004", "Chloe", "Han", 24, 60000),
("E0005", "Puhan", "Zhang", 24, 70000);

insert into theatre
values
("MD01","Baltimore Nicola","15245 Russell Street","Baltimore","MD"),
("VA01","Charlottesville Nicola","386 McCormick Road","Charlottesville","VA"),
("VA02","Richmond Nicola","2500 W Broad St","Richmond","VA");

insert into movie
values
("1","Guardians of the Galaxy",121,"8.1"),
("2","Prometheus",124,"7"),
("3","Split",117,"7.3"),
("4","Sing",108,"7.2"),
("5","Suicide Squad",123,"6.2"),
("6","The Great Wall",103,"6.1"),
("7","La La Land",128,"8.3"),
("8","Mindhorn",89,"6.4"),
("9","The Lost City of Z",141,"7.1"),
("10","Passengers",116,"7"),
("11","Fantastic Beasts and Where to Find Them",133,"7.5"),
("12","Hidden Figures",127,"7.8"),
("13","Rogue One",133,"7.9"),
("14","Moana",107,"7.7"),
("15","Colossal",109,"6.4"),
("16","The Secret Life of Pets",87,"6.6"),
("17","Hacksaw Ridge",139,"8.2"),
("18","Jason Bourne",123,"6.7"),
("19","Lion",118,"8.1"),
("20","Arrival",116,"8");

insert into screen
values
("S01","30"),
("S02","100"),
("S03","50"),
("S04","40"),
("S05","60"),
("S06","20"),
("S07","10"),
("S08","100"),
("S09","200"),
("S10","50"),
("S11","30"),
("S12","20"),
("S13","60"),
("S14","70"),
("S15","20");

insert into customer
values
("lois.walker@hot,mail.com","Lois","Walker","17","F"),
("brenda.robinson@gmail.com","Brenda","Robinson","33","F"),
("joe.robinson@gmail.com","Joe","Robinson","37","M"),
("diane.evans@yahoo.com","Diane","Evans","34","F"),
("benjamin.russell@charter.net","Benjamin","Russell","11","M"),
("patrick.bailey@aol.com","Patrick","Bailey","53","M"),
("nancy.baker@bp.com","Nancy","Baker","47","F"),
("carol.murphy@gmail.com","Carol","Murphy","53","F"),
("frances.young@gmail.com","Frances","Young","48","F"),
("diana.peterson@hotmail.co.uk","Diana","Peterson","30","F"),
("ralph.flores@yahoo.com","Ralph","Flores","57","M"),
("jack.alexander@gmail.com","Jack","Alexander","35","M"),
("melissa.king@comcast.net","Melissa","King","10","F"),
("wayne.watson@gmail.com","Wayne","Watson","44","M"),
("cheryl.scott@gmail.com","Cheryl","Scott","25","F"),
("paula.diaz@gmail.com","Paula","Diaz","13","F"),
("joshua.stewart@yahoo.ca","Joshua","Stewart","17","M"),
("theresa.lee@gmail.com","Theresa","Lee","31","F"),
("julia.scott@apple.com","Julia","Scott","56","F"),
("thomas.lewis@gmail.com","Thomas","Lewis","46","M"),
("carol.edwards@msn.com","Carol","Edwards","12","F"),
("matthew.turner@gmail.com","Matthew","Turner","20","M"),
("joan.stewart@yahoo.com","Joan","Stewart","38","F"),
("ruby.rogers@gmail.com","Ruby","Rogers","20","F"),
("carolyn.hayes@hotmail.co.uk","Carolyn","Hayes","44","F"),
("anne.russell@ibm.com","Anne","Russell","44","F"),
("daniel.cooper@yahoo.com","Daniel","Cooper","33","M"),
("roger.roberts@gmail.com","Roger","Roberts","23","M"),
("maria.walker@microsoft.com","Maria","Walker","20","F"),
("brenda.butler@gmail.com","Brenda","Butler","35","F"),
("lillian.brown@aol.com","Lillian","Brown","36","F"),
("amy.howard@aol.com","Amy","Howard","45","F"),
("gregory.edwards@outlook.com","Gregory","Edwards","18","M"),
("roy.griffin@yahoo.com","Roy","Griffin","25","M"),
("richard.mitchell@verizon.net","Richard","Mitchell","53","M"),
("mary.wilson@sbcglobal.net","Mary","Wilson","48","F"),
("aaron.price@bp.com","Aaron","Price","32","M"),
("donna.brown@aol.com","Donna","Brown","11","F"),
("carl.collins@yahoo.com","Carl","Collins","18","M"),
("joyce.jenkins@aol.com","Joyce","Jenkins","37","F"),
("mary.bryant@verizon.net","Mary","Bryant","18","F"),
("amanda.hughes@rediffmail.com","Amanda","Hughes","23","F"),
("jack.campbell@gmail.com","Jack","Campbell","20","M"),
("alan.rivera@apple.com","Alan","Rivera","30","M"),
("elizabeth.jackson@aol.com","Elizabeth","Jackson","14","F"),
("nancy.davis@ibm.com","Nancy","Davis","43","F"),
("ernest.martinez@gmail.com","Ernest","Martinez","30","M"),
("judy.hernandez@gmail.com","Judy","Hernandez","57","F"),
("nancy.jones@gmail.com","Nancy","Jones","31","F"),
("pamela.wright@aol.com","Pamela","Wright","53","F"),
("larry.miller@shell.com","Larry","Miller","47","M"),
("ann.coleman@ibm.com","Ann","Coleman","10","F"),
("judy.gonzales@gmail.com","Judy","Gonzales","54","F"),
("peter.washington@bp.com","Peter","Washington","48","M"),
("clarence.ross@apple.com","Clarence","Ross","34","M"),
("sharon.lopez@gmail.com","Sharon","Lopez","50","F"),
("ann.cooper@exxonmobil.com","Ann","Cooper","37","F"),
("anne.perez@sbcglobal.net","Anne","Perez","23","F"),
("nancy.howard@gmail.com","Nancy","Howard","24","F"),
("antonio.roberts@hotmail.com","Antonio","Roberts","49","M"),
("frances.watson@outlook.com","Frances","Watson","30","F"),
("debra.wood@hotmail.com","Debra","Wood","35","F"),
("henry.jenkins@hotmail.com","Henry","Jenkins","47","M"),
("melissa.butler@hotmail.com","Melissa","Butler","17","F"),
("todd.hall@yahoo.com","Todd","Hall","23","M"),
("christopher.nelson@aol.com","Christopher","Nelson","41","M"),
("andrea.garcia@aol.com","Andrea","Garcia","20","F"),
("jeremy.sanchez@hotmail.com","Jeremy","Sanchez","46","M"),
("steven.phillips@hotmail.com","Steven","Phillips","35","M"),
("cynthia.ramirez@btinternet.com","Cynthia","Ramirez","52","F"),
("jason.anderson@gmail.com","Jason","Anderson","21","M"),
("cynthia.white@gmail.com","Cynthia","White","53","F"),
("margaret.brooks@gmail.com","Margaret","Brooks","43","F"),
("douglas.flores@gmail.com","Douglas","Flores","24","M"),
("paul.watson@hotmail.com","Paul","Watson","13","M"),
("linda.moore@gmail.com","Linda","Moore","34","F"),
("cheryl.miller@ntlworld.com","Cheryl","Miller","58","F"),
("martha.washington@aol.com","Martha","Washington","21","F"),
("william.hernandez@rediffmail.com","William","Hernandez","60","M"),
("carolyn.price@yahoo.com","Carolyn","Price","26","F"),
("ruby.stewart@gmail.com","Ruby","Stewart","24","F"),
("paul.cooper@gmail.com","Paul","Cooper","54","M"),
("ernest.washington@msn.com","Ernest","Washington","60","M"),
("dorothy.edwards@hotmail.co.uk","Dorothy","Edwards","26","F"),
("ryan.alexander@shell.com","Ryan","Alexander","28","M"),
("lillian.mitchell@shaw.ca","Lillian","Mitchell","18","F"),
("kelly.adams@bp.com","Kelly","Adams","21","F"),
("jimmy.howard@yahoo.com","Jimmy","Howard","10","M"),
("margaret.allen@gmail.com","Margaret","Allen","43","F"),
("janet.henderson@ntlworld.com","Janet","Henderson","12","F"),
("eugene.perez@exxonmobil.com","Eugene","Perez","16","M"),
("deborah.smith@yahoo.com","Deborah","Smith","29","F"),
("janice.parker@yahoo.com","Janice","Parker","47","F"),
("rebecca.stewart@gmail.com","Rebecca","Stewart","22","F"),
("phillip.white@gmail.com","Phillip","White","31","M"),
("jose.hill@hotmail.com","Jose","Hill","18","M"),
("harold.nelson@gmail.com","Harold","Nelson","19","M"),
("nicole.ward@yahoo.com","Nicole","Ward","35","F"),
("theresa.murphy@gmail.com","Theresa","Murphy","53","F"),
("tammy.young@comcast.net","Tammy","Young","22","F");


insert into owns
values
("VA01","S01"),
("VA01","S02"),
("VA01","S03"),
("VA01","S04"),
("VA01","S05"),
("VA01","S06"),
("VA02","S07"),
("VA02","S08"),
("VA02","S09"),
("VA02","S10"),
("MD01","S11"),
("MD01","S12"),
("MD01","S13"),
("MD01","S14"),
("MD01","S15");

INSERT INTO Ticket 
VALUES
('TICK1', '25/03/2019', '14:00', 12.00),
('TICK2', '25/03/2019', '17:00', 12.00),
('TICK3', '25/03/2019', '20:00', 20.00),
('TICK4', '24/02/2019', '22:00', 22.00),
('TICK5', '01/03/2019', '16:00', 13.00);

INSERT INTO Seats
VALUES
('AA1000', 10, 04),
('AB1010', 30, 11),
('RS3030', 01, 07),
('TT7464', 21, 24),
('DE1330', 56, 02);

INSERT INTO Ticket 
VALUES
('TICK1', '2019-03-25', '14:00', 12.00),
('TICK2', '2019-03-25', '17:00', 12.00),
('TICK3', '2019-03-25', '20:00', 20.00),
('TICK4', '2019-03-24', '22:00', 22.00),
('TICK5', '2019-03-01', '16:00', 13.00);

delete from Plays_in;
insert into Plays_in
values 
("1", "S01", "2019-02-02", "2019-03-30"),
("1", "S02", "2019-02-02", "2019-03-30"),
("1", "S03", "2019-02-02", "2019-03-30"),
("2", "S02", "2019-02-01", "2019-02-25"),
("2", "S04", "2019-02-01", "2019-02-25"),
("2", "S05", "2019-02-01", "2019-02-25"),
("3", "S01", "2019-01-15", "2019-02-04"),
("5", "S02", "2019-01-01", "2019-03-05"),
("5", "S07", "2019-01-01", "2019-03-05"),
("7", 'S04', "2019-03-24", "2019-05-12"),
("7", 'S08', "2019-03-24", "2019-05-12"),
("7", 'S09', "2019-03-24", "2019-05-12"),
("11", 'S01', "2019-03-20", "2019-05-01");


insert into Purchases
values 
("brenda.robinson@gmail.com", "TICK1", 12.0, "2019-03-24", "E0001"),
("benjamin.russell@charter.net", "TICK2", 10.0, "2019-03-23", "E0001"),
("carol.murphy@gmail.com", "TICK3", 10.0, "2019-03-24", "E0004"),
("melissa.king@comcast.net", "TICK4", 22.0, "2019-03-23", "E0003"),
("brenda.robinson@gmail.com", "TICK5", 12.0, "2019-03-24", "E0001");

insert into Works_for
values 
("E0001", "MD01"),
("E0002", "MD01"),
("E0003", "VA01"),
("E0004", "VA02"),
("E0005", "VA02");

insert into belongs_to
values 
("TICK1", "S01", "1"),
("TICK2", "S01", "11"),
("TICK3", "S04", "7"),
("TICK4", "S03", "1"),
("TICK5", "S02", "5");

insert into genre
values
("1", "Action"),
("1", "Superhero"),
("1", "Science fiction"),
("1", "Comedy"),
("2", "Science fiction"),
("2", "Thriller"),
("2", "Mystery"),
("3", "Horror"),
("3", "Thriller"),
("6", "Action"),
("6", "Fantasy"),
("6", "Thriller");

insert into has 
values 
("AA1000", "S01"),
("AB1010", "S01"),
("RS3030", "S04"),
("TT7464", "S03"),
("DE1330", "S02");

insert into ticket_seat_map
values
("TICK1", "AA1000"),
("TICK2", "AA1000"),
("TICK3", "RS3030"),
("TICK4", "TT7464"),
("TICK5", "DE1330");
